﻿<parameters>
  <parameter name="IIS Web Application Name" defaultValue="NKPWebsite" tags="IisApp">
    <parameterEntry kind="ProviderPath" scope="IisApp" match="^C:\\Users\\Talha\ Shahzad\\AppData\\Local\\Temp\\WebSitePublish\\NRP-1776618175\\obj\\Debug\\Package\\PackageTmp$" />
    <parameterEntry kind="ProviderPath" scope="setAcl" match="^C:\\Users\\Talha\ Shahzad\\AppData\\Local\\Temp\\WebSitePublish\\NRP-1776618175\\obj\\Debug\\Package\\PackageTmp$" />
  </parameter>
  <parameter name="Add write permission to App_Data Folder" description="Add write permission to App_Data folder" defaultValue="{IIS Web Application Name}/App_Data" tags="Hidden">
    <parameterEntry kind="ProviderPath" scope="setAcl" match="^C:\\Users\\Talha\ Shahzad\\AppData\\Local\\Temp\\WebSitePublish\\NRP-1776618175\\obj\\Debug\\Package\\PackageTmp\\App_Data$" />
  </parameter>
  <parameter name="NKPDatabase-Web.config Connection String" defaultValue="Data Source=(LocalDB)\MSSQLLocalDB;AttachDbFilename=|DataDirectory|\NKPDatabase.mdf;Integrated Security=True;Connect Timeout=30">
    <parameterEntry kind="XmlFile" scope="C:\\Users\\Talha\ Shahzad\\AppData\\Local\\Temp\\WebSitePublish\\NRP-1776618175\\obj\\Debug\\Package\\PackageTmp\\Web\.config$" match="/configuration/connectionStrings/add[@name='NKPDatabase']/@connectionString" />
  </parameter>
  <parameter name="NKPDatabase-Deployment Connection String" defaultValue="Data Source=(LocalDB)\MSSQLLocalDB;AttachDbFilename=|DataDirectory|\NKPDatabase.mdf;Integrated Security=True;Connect Timeout=30" tags="SqlConnectionString">
    <parameterEntry kind="ProviderPath" scope="DbDacFx" match="^C:\\Users\\Talha\ Shahzad\\AppData\\Local\\Temp\\WebSitePublish\\NRP-1776618175\\obj\\Debug\\AutoScripts\\NKPDatabase_IncrementalSchemaOnly\.dacpac$" />
  </parameter>
</parameters>